Key,Example,Source,Context,Game Locations,ar,ar translator type,de,de translator type,es,es translator type,fr,fr translator type,id,id translator type,it,it translator type,ja,ja translator type,ko,ko translator type,pl,pl translator type,pt,pt translator type,ru,ru translator type,th,th translator type,tr,tr translator type,vi,vi translator type,zh-hans,zh-hans translator type,zh-hant,zh-hant translator type,es-es,es-es translator type,es-mx,es-mx translator type,fr-fr,fr-fr translator type,fr-ca,fr-ca translator type,pt-br,pt-br translator type,pt-pt,pt-pt translator type,en-us,en-us translator type,en-gb,en-gb translator type
,,SELL,,StarterGui.Main,,,,,,,,,,,,,,,,,,,,,,,,,,,,,,,,,,,,,,,,,,,,,,,,
,,FISHING,,StarterGui.Main,,,,,,,,,,,,,,,,,,,,,,,,,,,,,,,,,,,,,,,,,,,,,,,,
,,UPGRADE,,StarterGui.Main,,,,,,,,,,,,,,,,,,,,,,,,,,,,,,,,,,,,,,,,,,,,,,,,
,,Shop,,StarterGui.Main,,,,,,,,,,,,,,,,,,,,,,,,,,,,,,,,,,,,,,,,,,,,,,,,
,,Index,,StarterGui.Main / StarterGui.Index,,,,,,,,,,,,,,,,,,,,,,,,,,,,,,,,,,,,,,,,,,,,,,,,
,,Skill Tree,,StarterGui.Main / StarterGui.SkillTree,,,,,,,,,,,,,,,,,,,,,,,,,,,,,,,,,,,,,,,,,,,,,,,,
,,Auto,,StarterGui.Main (auto fishing button),,,,,,,,,,,,,,,,,,,,,,,,,,,,,,,,,,,,,,,,,,,,,,,,
,,Rods,,StarterGui.ShopGui,,,,,,,,,,,,,,,,,,,,,,,,,,,,,,,,,,,,,,,,,,,,,,,,
,,BUY,,StarterGui.ShopGui (buy button),,,,,,,,,,,,,,,,,,,,,,,,,,,,,,,,,,,,,,,,,,,,,,,,
,,Exit,,StarterGui.ShopGui (exit button),,,,,,,,,,,,,,,,,,,,,,,,,,,,,,,,,,,,,,,,,,,,,,,,
,,Luck,,StarterGui.ShopGui (stat label),,,,,,,,,,,,,,,,,,,,,,,,,,,,,,,,,,,,,,,,,,,,,,,,
,,Power,,StarterGui.ShopGui (stat label),,,,,,,,,,,,,,,,,,,,,,,,,,,,,,,,,,,,,,,,,,,,,,,,
,,Weight,,StarterGui.ShopGui (stat label),,,,,,,,,,,,,,,,,,,,,,,,,,,,,,,,,,,,,,,,,,,,,,,,
,,Close,,StarterGui.SkillTree (close button),,,,,,,,,,,,,,,,,,,,,,,,,,,,,,,,,,,,,,,,,,,,,,,,
,,Update Log!,,StarterGui.Main (update log button),,,,,,,,,,,,,,,,,,,,,,,,,,,,,,,,,,,,,,,,,,,,,,,,
,,Random Fish!,,StarterGui.Main (random fish GUI title),,,,,,,,,,,,,,,,,,,,,,,,,,,,,,,,,,,,,,,,,,,,,,,,
,,Quests,,StarterGui.QuestGui (title),,,,,,,,,,,,,,,,,,,,,,,,,,,,,,,,,,,,,,,,,,,,,,,,
,,Donation,,StarterGui.Main (donation panel title),,,,,,,,,,,,,,,,,,,,,,,,,,,,,,,,,,,,,,,,,,,,,,,,
,,Loading...,,Workspace leaderboard board label,,,,,,,,,,,,,,,,,,,,,,,,,,,,,,,,,,,,,,,,,,,,,,,,
,,Group Reward,,StarterGui.Main (group reward title),,,,,,,,,,,,,,,,,,,,,,,,,,,,,,,,,,,,,,,,,,,,,,,,
,,Free Reward!,,StarterGui.Main (free reward button),,,,,,,,,,,,,,,,,,,,,,,,,,,,,,,,,,,,,,,,,,,,,,,,
,,"(') open inventory",,StarterGui.Custom Inventory (help label),,,,,,,,,,,,,,,,,,,,,,,,,,,,,,,,,,,,,,,,,,,,,,,,
,,"Fish Count: {n}",,StarterGui.Custom Inventory (fish count label),,,,,,,,,,,,,,,,,,,,,,,,,,,,,,,,,,,,,,,,,,,,,,,,
,,N/A,,StarterGui.Custom Inventory (empty slot tool name),,,,,,,,,,,,,,,,,,,,,,,,,,,,,,,,,,,,,,,,,,,,,,,,
,,"Next Weather: {time}",,StarterGui.Main (weather timer label),,,,,,,,,,,,,,,,,,,,,,,,,,,,,,,,,,,,,,,,,,,,,,,,
,,"FriendBonus: +{n}%",,StarterGui.Main (friend bonus label),,,,,,,,,,,,,,,,,,,,,,,,,,,,,,,,,,,,,,,,,,,,,,,,
,,Not enough money,,StarterGui.ShopGui (notice label),,,,,,,,,,,,,,,,,,,,,,,,,,,,,,,,,,,,,,,,,,,,,,,,
,,Quest Required,,StarterGui.ShopGui (buy button state),,,,,,,,,,,,,,,,,,,,,,,,,,,,,,,,,,,,,,,,,,,,,,,,
,,Owned,,StarterGui.ShopGui (buy button state),,,,,,,,,,,,,,,,,,,,,,,,,,,,,,,,,,,,,,,,,,,,,,,,
,,Equipped,,StarterGui.ShopGui / FishTrap proximity prompt,,,,,,,,,,,,,,,,,,,,,,,,,,,,,,,,,,,,,,,,,,,,,,,,
,,Buy,,StarterGui.ShopGui (buy button state),,,,,,,,,,,,,,,,,,,,,,,,,,,,,,,,,,,,,,,,,,,,,,,,
,,Coin x2,,StarterGui.RobuxShop (pass name),,,,,,,,,,,,,,,,,,,,,,,,,,,,,,,,,,,,,,,,,,,,,,,,
,,Luck x2,,StarterGui.RobuxShop (pass name),,,,,,,,,,,,,,,,,,,,,,,,,,,,,,,,,,,,,,,,,,,,,,,,
,,Power x2,,StarterGui.RobuxShop (pass name),,,,,,,,,,,,,,,,,,,,,,,,,,,,,,,,,,,,,,,,,,,,,,,,
,,Server Luck,,StarterGui.RobuxShop (server boost label),,,,,,,,,,,,,,,,,,,,,,,,,,,,,,,,,,,,,,,,,,,,,,,,
,,+15 minutes,,StarterGui.RobuxShop (server boost duration),,,,,,,,,,,,,,,,,,,,,,,,,,,,,,,,,,,,,,,,,,,,,,,,
,,MAX,,StarterGui.RobuxShop (server boost max label),,,,,,,,,,,,,,,,,,,,,,,,,,,,,,,,,,,,,,,,,,,,,,,,
,,4x (max),,StarterGui.RobuxShop (server boost max display),,,,,,,,,,,,,,,,,,,,,,,,,,,,,,,,,,,,,,,,,,,,,,,,
,,Passes,,StarterGui.RobuxShop (tab label),,,,,,,,,,,,,,,,,,,,,,,,,,,,,,,,,,,,,,,,,,,,,,,,
,,Rewards,,StarterGui.RobuxShop (tab label),,,,,,,,,,,,,,,,,,,,,,,,,,,,,,,,,,,,,,,,,,,,,,,,
,,Potions,,StarterGui.RobuxShop (tab label),,,,,,,,,,,,,,,,,,,,,,,,,,,,,,,,,,,,,,,,,,,,,,,,
,,Money,,StarterGui.RobuxShop (tab label),,,,,,,,,,,,,,,,,,,,,,,,,,,,,,,,,,,,,,,,,,,,,,,,
,,Exclusive,,StarterGui.RobuxShop (tab label),,,,,,,,,,,,,,,,,,,,,,,,,,,,,,,,,,,,,,,,,,,,,,,,
,,Codes,,StarterGui.RobuxShop (codes button),,,,,,,,,,,,,,,,,,,,,,,,,,,,,,,,,,,,,,,,,,,,,,,,
,,Group Rewards,,StarterGui.RobuxShop (group rewards button),,,,,,,,,,,,,,,,,,,,,,,,,,,,,,,,,,,,,,,,,,,,,,,,
,,"Unavailable in your region :(",,StarterGui.RobuxShop (region restriction label),,,,,,,,,,,,,,,,,,,,,,,,,,,,,,,,,,,,,,,,,,,,,,,,
,,LIMITED!,,StarterGui.RobuxShop (limited item tag),,,,,,,,,,,,,,,,,,,,,,,,,,,,,,,,,,,,,,,,,,,,,,,,
,,Equip,,FishTrap proximity prompt action text,,,,,,,,,,,,,,,,,,,,,,,,,,,,,,,,,,,,,,,,,,,,,,,,
,,Give My Fish,,GiveFish proximity prompt action text,,,,,,,,,,,,,,,,,,,,,,,,,,,,,,,,,,,,,,,,,,,,,,,,
,,"Like the game & join our group for %15 more coins",,StarterGui.Main (group reward description),,,,,,,,,,,,,,,,,,,,,,,,,,,,,,,,,,,,,,,,,,,,,,,,
,,"[""I want to sell my inventory""]",,StarterGui.SellOptions option 1,,,,,,,,,,,,,,,,,,,,,,,,,,,,,,,,,,,,,,,,,,,,,,,,
,,"[""I want to sell this""]",,StarterGui.SellOptions option 2,,,,,,,,,,,,,,,,,,,,,,,,,,,,,,,,,,,,,,,,,,,,,,,,
,,"[""How much is this worth?""]",,StarterGui.SellOptions option 3,,,,,,,,,,,,,,,,,,,,,,,,,,,,,,,,,,,,,,,,,,,,,,,,
,,"[""Nevermind""]",,StarterGui.SellOptions / QuestOptions option,,,,,,,,,,,,,,,,,,,,,,,,,,,,,,,,,,,,,,,,,,,,,,,,
,,"[""Accept Quest""]",,StarterGui.QuestOptions option 1,,,,,,,,,,,,,,,,,,,,,,,,,,,,,,,,,,,,,,,,,,,,,,,,
,,"Reward: {n} Coins",,StarterGui.QuestGui (reward label),,,,,,,,,,,,,,,,,,,,,,,,,,,,,,,,,,,,,,,,,,,,,,,,
,,Skill Tree,,StarterGui.SkillTree (root node name),,,,,,,,,,,,,,,,,,,,,,,,,,,,,,,,,,,,,,,,,,,,,,,,
,,Auto Fishing,,StarterGui.SkillTree (AutoFish node name),,,,,,,,,,,,,,,,,,,,,,,,,,,,,,,,,,,,,,,,,,,,,,,,
,,Luck I,,StarterGui.SkillTree (LuckUp_1 node name),,,,,,,,,,,,,,,,,,,,,,,,,,,,,,,,,,,,,,,,,,,,,,,,
,,Luck II,,StarterGui.SkillTree (LuckUp_2 node name),,,,,,,,,,,,,,,,,,,,,,,,,,,,,,,,,,,,,,,,,,,,,,,,
,,Luck III,,StarterGui.SkillTree (LuckUp_3 node name),,,,,,,,,,,,,,,,,,,,,,,,,,,,,,,,,,,,,,,,,,,,,,,,
,,Luck IV,,StarterGui.SkillTree (LuckUp_4 node name),,,,,,,,,,,,,,,,,,,,,,,,,,,,,,,,,,,,,,,,,,,,,,,,
,,Luck V,,StarterGui.SkillTree (LuckUp_5 node name),,,,,,,,,,,,,,,,,,,,,,,,,,,,,,,,,,,,,,,,,,,,,,,,
,,Luck VI,,StarterGui.SkillTree (LuckUp_6 node name),,,,,,,,,,,,,,,,,,,,,,,,,,,,,,,,,,,,,,,,,,,,,,,,
,,Luck VII,,StarterGui.SkillTree (LuckUp_7 node name),,,,,,,,,,,,,,,,,,,,,,,,,,,,,,,,,,,,,,,,,,,,,,,,
,,Coin Bonus I,,StarterGui.SkillTree (SellBonus_1 node name),,,,,,,,,,,,,,,,,,,,,,,,,,,,,,,,,,,,,,,,,,,,,,,,
,,Coin Bonus II,,StarterGui.SkillTree (SellBonus_2 node name),,,,,,,,,,,,,,,,,,,,,,,,,,,,,,,,,,,,,,,,,,,,,,,,
,,Coin Bonus III,,StarterGui.SkillTree (SellBonus_3 node name),,,,,,,,,,,,,,,,,,,,,,,,,,,,,,,,,,,,,,,,,,,,,,,,
,,Coin Bonus IV,,StarterGui.SkillTree (SellBonus_4 node name),,,,,,,,,,,,,,,,,,,,,,,,,,,,,,,,,,,,,,,,,,,,,,,,
,,Coin Bonus V,,StarterGui.SkillTree (SellBonus_5 node name),,,,,,,,,,,,,,,,,,,,,,,,,,,,,,,,,,,,,,,,,,,,,,,,
,,Coin Bonus VI,,StarterGui.SkillTree (SellBonus_6 node name),,,,,,,,,,,,,,,,,,,,,,,,,,,,,,,,,,,,,,,,,,,,,,,,
,,Friend Luck I,,StarterGui.SkillTree (FriendBonus_1 node name),,,,,,,,,,,,,,,,,,,,,,,,,,,,,,,,,,,,,,,,,,,,,,,,
,,Friend Luck II,,StarterGui.SkillTree (FriendBonus_2 node name),,,,,,,,,,,,,,,,,,,,,,,,,,,,,,,,,,,,,,,,,,,,,,,,
,,Friend Luck III,,StarterGui.SkillTree (FriendBonus_3 node name),,,,,,,,,,,,,,,,,,,,,,,,,,,,,,,,,,,,,,,,,,,,,,,,
,,Inventory Slot I,,StarterGui.SkillTree (InvenUp_1 node name),,,,,,,,,,,,,,,,,,,,,,,,,,,,,,,,,,,,,,,,,,,,,,,,
,,Inventory Slot II,,StarterGui.SkillTree (InvenUp_2 node name),,,,,,,,,,,,,,,,,,,,,,,,,,,,,,,,,,,,,,,,,,,,,,,,
,,Inventory Slot III,,StarterGui.SkillTree (InvenUp_3 node name),,,,,,,,,,,,,,,,,,,,,,,,,,,,,,,,,,,,,,,,,,,,,,,,
,,Inventory Slot IV,,StarterGui.SkillTree (InvenUp_4 node name),,,,,,,,,,,,,,,,,,,,,,,,,,,,,,,,,,,,,,,,,,,,,,,,
,,Fishing Power I,,StarterGui.SkillTree (PowerUp_1 node name),,,,,,,,,,,,,,,,,,,,,,,,,,,,,,,,,,,,,,,,,,,,,,,,
,,Fishing Power II,,StarterGui.SkillTree (PowerUp_2 node name),,,,,,,,,,,,,,,,,,,,,,,,,,,,,,,,,,,,,,,,,,,,,,,,
,,Fishing Power III,,StarterGui.SkillTree (PowerUp_3 node name),,,,,,,,,,,,,,,,,,,,,,,,,,,,,,,,,,,,,,,,,,,,,,,,
,,Rapid Auto I,,StarterGui.SkillTree (AutoUp_1 node name),,,,,,,,,,,,,,,,,,,,,,,,,,,,,,,,,,,,,,,,,,,,,,,,
,,Rapid Auto II,,StarterGui.SkillTree (AutoUp_2 node name),,,,,,,,,,,,,,,,,,,,,,,,,,,,,,,,,,,,,,,,,,,,,,,,
,,Rapid Auto III,,StarterGui.SkillTree (AutoUp_3 node name),,,,,,,,,,,,,,,,,,,,,,,,,,,,,,,,,,,,,,,,,,,,,,,,
,,Weight Up I,,StarterGui.SkillTree (WeightUp_1 node name),,,,,,,,,,,,,,,,,,,,,,,,,,,,,,,,,,,,,,,,,,,,,,,,
,,Weight Up II,,StarterGui.SkillTree (WeightUp_2 node name),,,,,,,,,,,,,,,,,,,,,,,,,,,,,,,,,,,,,,,,,,,,,,,,
,,Weight Up III,,StarterGui.SkillTree (WeightUp_3 node name),,,,,,,,,,,,,,,,,,,,,,,,,,,,,,,,,,,,,,,,,,,,,,,,
,,Weight Up IV,,StarterGui.SkillTree (WeightUp_4 node name),,,,,,,,,,,,,,,,,,,,,,,,,,,,,,,,,,,,,,,,,,,,,,,,
,,Quick Bite I,,StarterGui.SkillTree (QuickBite_1 node name),,,,,,,,,,,,,,,,,,,,,,,,,,,,,,,,,,,,,,,,,,,,,,,,
,,Quick Bite II,,StarterGui.SkillTree (QuickBite_2 node name),,,,,,,,,,,,,,,,,,,,,,,,,,,,,,,,,,,,,,,,,,,,,,,,
,,Quick Bite III,,StarterGui.SkillTree (QuickBite_3 node name),,,,,,,,,,,,,,,,,,,,,,,,,,,,,,,,,,,,,,,,,,,,,,,,
,,HitZoneUp I,,StarterGui.SkillTree (HitZoneUp_1 node name),,,,,,,,,,,,,,,,,,,,,,,,,,,,,,,,,,,,,,,,,,,,,,,,
,,HitZoneUp II,,StarterGui.SkillTree (HitZoneUp_2 node name),,,,,,,,,,,,,,,,,,,,,,,,,,,,,,,,,,,,,,,,,,,,,,,,
,,HitZoneUp III,,StarterGui.SkillTree (HitZoneUp_3 node name),,,,,,,,,,,,,,,,,,,,,,,,,,,,,,,,,,,,,,,,,,,,,,,,
,,Fish Point Boost I,,StarterGui.SkillTree (PointBoost_1 node name),,,,,,,,,,,,,,,,,,,,,,,,,,,,,,,,,,,,,,,,,,,,,,,,
,,Fish Point Boost II,,StarterGui.SkillTree (PointBoost_2 node name),,,,,,,,,,,,,,,,,,,,,,,,,,,,,,,,,,,,,,,,,,,,,,,,
,,Fish Point Boost III,,StarterGui.SkillTree (PointBoost_3 node name),,,,,,,,,,,,,,,,,,,,,,,,,,,,,,,,,,,,,,,,,,,,,,,,
,,Unlocks the skill tree.,,SkillTreeHover tooltip - Root,,,,,,,,,,,,,,,,,,,,,,,,,,,,,,,,,,,,,,,,,,,,,,,,
,,Enables the auto fishing button.,,SkillTreeHover tooltip - AutoFish,,,,,,,,,,,,,,,,,,,,,,,,,,,,,,,,,,,,,,,,,,,,,,,,
,,Increases rare fish chance by 10%.,,SkillTreeHover tooltip - LuckUp 1,,,,,,,,,,,,,,,,,,,,,,,,,,,,,,,,,,,,,,,,,,,,,,,,
,,Increases rare fish chance by 30%.,,SkillTreeHover tooltip - LuckUp 2,,,,,,,,,,,,,,,,,,,,,,,,,,,,,,,,,,,,,,,,,,,,,,,,
,,Increases rare fish chance by 60%.,,SkillTreeHover tooltip - LuckUp 3,,,,,,,,,,,,,,,,,,,,,,,,,,,,,,,,,,,,,,,,,,,,,,,,
,,Increases rare fish chance by 100%.,,SkillTreeHover tooltip - LuckUp 4,,,,,,,,,,,,,,,,,,,,,,,,,,,,,,,,,,,,,,,,,,,,,,,,
,,Increases rare fish chance by 150%.,,SkillTreeHover tooltip - LuckUp 5,,,,,,,,,,,,,,,,,,,,,,,,,,,,,,,,,,,,,,,,,,,,,,,,
,,Increases rare fish chance by 200%.,,SkillTreeHover tooltip - LuckUp 6,,,,,,,,,,,,,,,,,,,,,,,,,,,,,,,,,,,,,,,,,,,,,,,,
,,Increases rare fish chance by 250%.,,SkillTreeHover tooltip - LuckUp 7,,,,,,,,,,,,,,,,,,,,,,,,,,,,,,,,,,,,,,,,,,,,,,,,
,,Increases fish sell value by 10%.,,SkillTreeHover tooltip - SellBonus 1,,,,,,,,,,,,,,,,,,,,,,,,,,,,,,,,,,,,,,,,,,,,,,,,
,,Increases fish sell value by 20%.,,SkillTreeHover tooltip - SellBonus 2,,,,,,,,,,,,,,,,,,,,,,,,,,,,,,,,,,,,,,,,,,,,,,,,
,,Increases fish sell value by 30%.,,SkillTreeHover tooltip - SellBonus 3,,,,,,,,,,,,,,,,,,,,,,,,,,,,,,,,,,,,,,,,,,,,,,,,
,,Increases fish sell value by 40%.,,SkillTreeHover tooltip - SellBonus 4,,,,,,,,,,,,,,,,,,,,,,,,,,,,,,,,,,,,,,,,,,,,,,,,
,,Increases fish sell value by 50%.,,SkillTreeHover tooltip - SellBonus 5,,,,,,,,,,,,,,,,,,,,,,,,,,,,,,,,,,,,,,,,,,,,,,,,
,,Increases fish sell value by 65%.,,SkillTreeHover tooltip - SellBonus 6,,,,,,,,,,,,,,,,,,,,,,,,,,,,,,,,,,,,,,,,,,,,,,,,
,,Increases luck by 15% per online friend.,,SkillTreeHover tooltip - FriendBonus 1,,,,,,,,,,,,,,,,,,,,,,,,,,,,,,,,,,,,,,,,,,,,,,,,
,,Increases luck by 30% per online friend.,,SkillTreeHover tooltip - FriendBonus 2,,,,,,,,,,,,,,,,,,,,,,,,,,,,,,,,,,,,,,,,,,,,,,,,
,,Increases luck by 50% per online friend.,,SkillTreeHover tooltip - FriendBonus 3,,,,,,,,,,,,,,,,,,,,,,,,,,,,,,,,,,,,,,,,,,,,,,,,
,,Increases minigame hit zone size by 6%.,,SkillTreeHover tooltip - HitZoneUp 1,,,,,,,,,,,,,,,,,,,,,,,,,,,,,,,,,,,,,,,,,,,,,,,,
,,Increases minigame hit zone size by 10%.,,SkillTreeHover tooltip - HitZoneUp 2,,,,,,,,,,,,,,,,,,,,,,,,,,,,,,,,,,,,,,,,,,,,,,,,
,,Increases minigame hit zone size by 15%.,,SkillTreeHover tooltip - HitZoneUp 3,,,,,,,,,,,,,,,,,,,,,,,,,,,,,,,,,,,,,,,,,,,,,,,,
,,Increases minigame hit zone size by 21%.,,SkillTreeHover tooltip - HitZoneUp 4,,,,,,,,,,,,,,,,,,,,,,,,,,,,,,,,,,,,,,,,,,,,,,,,
,,Increases minigame hit zone size by 28%.,,SkillTreeHover tooltip - HitZoneUp 5,,,,,,,,,,,,,,,,,,,,,,,,,,,,,,,,,,,,,,,,,,,,,,,,
,,Adds 10 extra inventory slots.,,SkillTreeHover tooltip - InvenUp 1,,,,,,,,,,,,,,,,,,,,,,,,,,,,,,,,,,,,,,,,,,,,,,,,
,,Adds 20 extra inventory slots.,,SkillTreeHover tooltip - InvenUp 2,,,,,,,,,,,,,,,,,,,,,,,,,,,,,,,,,,,,,,,,,,,,,,,,
,,Adds 35 extra inventory slots.,,SkillTreeHover tooltip - InvenUp 3,,,,,,,,,,,,,,,,,,,,,,,,,,,,,,,,,,,,,,,,,,,,,,,,
,,Adds 55 extra inventory slots.,,SkillTreeHover tooltip - InvenUp 4,,,,,,,,,,,,,,,,,,,,,,,,,,,,,,,,,,,,,,,,,,,,,,,,
,,Heavy fish chance +4%.,,SkillTreeHover tooltip - WeightUp 1,,,,,,,,,,,,,,,,,,,,,,,,,,,,,,,,,,,,,,,,,,,,,,,,
,,Heavy fish chance +10%.,,SkillTreeHover tooltip - WeightUp 2,,,,,,,,,,,,,,,,,,,,,,,,,,,,,,,,,,,,,,,,,,,,,,,,
,,Heavy fish chance +18%.,,SkillTreeHover tooltip - WeightUp 3,,,,,,,,,,,,,,,,,,,,,,,,,,,,,,,,,,,,,,,,,,,,,,,,
,,Heavy fish chance +28%.,,SkillTreeHover tooltip - WeightUp 4,,,,,,,,,,,,,,,,,,,,,,,,,,,,,,,,,,,,,,,,,,,,,,,,
,,Increases rod power by 5%.,,SkillTreeHover tooltip - PowerUp 1,,,,,,,,,,,,,,,,,,,,,,,,,,,,,,,,,,,,,,,,,,,,,,,,
,,Increases rod power by 10%.,,SkillTreeHover tooltip - PowerUp 2,,,,,,,,,,,,,,,,,,,,,,,,,,,,,,,,,,,,,,,,,,,,,,,,
,,Increases rod power by 20%.,,SkillTreeHover tooltip - PowerUp 3,,,,,,,,,,,,,,,,,,,,,,,,,,,,,,,,,,,,,,,,,,,,,,,,
,,Auto fishing click speed +0.1s.,,SkillTreeHover tooltip - AutoUp 1,,,,,,,,,,,,,,,,,,,,,,,,,,,,,,,,,,,,,,,,,,,,,,,,
,,Auto fishing click speed +0.4s.,,SkillTreeHover tooltip - AutoUp 2,,,,,,,,,,,,,,,,,,,,,,,,,,,,,,,,,,,,,,,,,,,,,,,,
,,Auto fishing click speed +0.8s.,,SkillTreeHover tooltip - AutoUp 3,,,,,,,,,,,,,,,,,,,,,,,,,,,,,,,,,,,,,,,,,,,,,,,,
,,Fish bite wait -0.5s.,,SkillTreeHover tooltip - QuickBite 1,,,,,,,,,,,,,,,,,,,,,,,,,,,,,,,,,,,,,,,,,,,,,,,,
,,Fish bite wait -1.5s.,,SkillTreeHover tooltip - QuickBite 2,,,,,,,,,,,,,,,,,,,,,,,,,,,,,,,,,,,,,,,,,,,,,,,,
,,Fish bite wait -2.5s.,,SkillTreeHover tooltip - QuickBite 3,,,,,,,,,,,,,,,,,,,,,,,,,,,,,,,,,,,,,,,,,,,,,,,,
,,Earn +1 extra Fishing Point per catch.,,SkillTreeHover tooltip - PointBoost 1,,,,,,,,,,,,,,,,,,,,,,,,,,,,,,,,,,,,,,,,,,,,,,,,
,,Earn +2 extra Fishing Points per catch.,,SkillTreeHover tooltip - PointBoost 2,,,,,,,,,,,,,,,,,,,,,,,,,,,,,,,,,,,,,,,,,,,,,,,,
,,Earn +3 extra Fishing Points per catch.,,SkillTreeHover tooltip - PointBoost 3,,,,,,,,,,,,,,,,,,,,,,,,,,,,,,,,,,,,,,,,,,,,,,,,
,,Got anything to sell?,,NPC dialog - Seller prompt,,,,,,,,,,,,,,,,,,,,,,,,,,,,,,,,,,,,,,,,,,,,,,,,
,,Sell all fish,,NPC dialog - Seller option 1,,,,,,,,,,,,,,,,,,,,,,,,,,,,,,,,,,,,,,,,,,,,,,,,
,,Sell held fish,,NPC dialog - Seller option 2,,,,,,,,,,,,,,,,,,,,,,,,,,,,,,,,,,,,,,,,,,,,,,,,
,,Check held fish value,,NPC dialog - Seller option 3,,,,,,,,,,,,,,,,,,,,,,,,,,,,,,,,,,,,,,,,,,,,,,,,
,,No thanks,,NPC dialog - decline option (Seller / ShopKeeper / Pap),,,,,,,,,,,,,,,,,,,,,,,,,,,,,,,,,,,,,,,,,,,,,,,,
,,Come back anytime!,,NPC dialog - farewell response,,,,,,,,,,,,,,,,,,,,,,,,,,,,,,,,,,,,,,,,,,,,,,,,
,,I don't see any fish on you!,,NPC dialog - Seller response (preview no fish),,,,,,,,,,,,,,,,,,,,,,,,,,,,,,,,,,,,,,,,,,,,,,,,
,,"That's worth ¢{n}!",,NPC dialog - Seller response (preview has fish),,,,,,,,,,,,,,,,,,,,,,,,,,,,,,,,,,,,,,,,,,,,,,,,
,,You don't have any fish to sell!,,NPC dialog - Seller response (sell no fish),,,,,,,,,,,,,,,,,,,,,,,,,,,,,,,,,,,,,,,,,,,,,,,,
,,"Here's ¢{n} for your catch!",,NPC dialog - Seller response (sell success),,,,,,,,,,,,,,,,,,,,,,,,,,,,,,,,,,,,,,,,,,,,,,,,
,,Bye!,,NPC dialog - Seller exit response,,,,,,,,,,,,,,,,,,,,,,,,,,,,,,,,,,,,,,,,,,,,,,,,
,,"Want me to appraise your fish? (¢4000)",,NPC dialog - Appraiser prompt,,,,,,,,,,,,,,,,,,,,,,,,,,,,,,,,,,,,,,,,,,,,,,,,
,,Appraise it!,,NPC dialog - Appraiser option 1,,,,,,,,,,,,,,,,,,,,,,,,,,,,,,,,,,,,,,,,,,,,,,,,
,,Hold a fish to appraise!,,NPC dialog - Appraiser response (no fish),,,,,,,,,,,,,,,,,,,,,,,,,,,,,,,,,,,,,,,,,,,,,,,,
,,You need ¢4000 to appraise!,,NPC dialog - Appraiser response (not enough coins),,,,,,,,,,,,,,,,,,,,,,,,,,,,,,,,,,,,,,,,,,,,,,,,
,,This fish can't be appraised!,,NPC dialog - Appraiser response (invalid fish),,,,,,,,,,,,,,,,,,,,,,,,,,,,,,,,,,,,,,,,,,,,,,,,
,,"Weight {increased/decreased} by {n}kg",,NPC dialog - Appraiser result,,,,,,,,,,,,,,,,,,,,,,,,,,,,,,,,,,,,,,,,,,,,,,,,
,,(Unfrozen),,NPC dialog - Appraiser result suffix,,,,,,,,,,,,,,,,,,,,,,,,,,,,,,,,,,,,,,,,,,,,,,,,
,,(Frozen!),,NPC dialog - Appraiser result suffix,,,,,,,,,,,,,,,,,,,,,,,,,,,,,,,,,,,,,,,,,,,,,,,,
,,Looking for a new rod? I've got the best in stock!,,NPC dialog - Shop Keeper prompt,,,,,,,,,,,,,,,,,,,,,,,,,,,,,,,,,,,,,,,,,,,,,,,,
,,Show me the rods,,NPC dialog - Shop Keeper option 1,,,,,,,,,,,,,,,,,,,,,,,,,,,,,,,,,,,,,,,,,,,,,,,,
,,Right this way!,,NPC dialog - Shop Keeper response (open shop),,,,,,,,,,,,,,,,,,,,,,,,,,,,,,,,,,,,,,,,,,,,,,,,
,,"Hey! I've got some exclusive deals you won't find anywhere else!",,NPC dialog - Pap prompt,,,,,,,,,,,,,,,,,,,,,,,,,,,,,,,,,,,,,,,,,,,,,,,,
,,Show me!,,NPC dialog - Pap option 1,,,,,,,,,,,,,,,,,,,,,,,,,,,,,,,,,,,,,,,,,,,,,,,,
,,Take a look!,,NPC dialog - Pap response (open shop),,,,,,,,,,,,,,,,,,,,,,,,,,,,,,,,,,,,,,,,,,,,,,,,
,,...you have awakened me. For this I shall grant you ONE question.,,NPC dialog - Legend Rock prompt,,,,,,,,,,,,,,,,,,,,,,,,,,,,,,,,,,,,,,,,,,,,,,,,
,,What's the secret to fishing?,,NPC dialog - Legend Rock option 1,,,,,,,,,,,,,,,,,,,,,,,,,,,,,,,,,,,,,,,,,,,,,,,,
,,Will I ever be rich?,,NPC dialog - Legend Rock option 2,,,,,,,,,,,,,,,,,,,,,,,,,,,,,,,,,,,,,,,,,,,,,,,,
,,You're just a rock.,,NPC dialog - Legend Rock option 3,,,,,,,,,,,,,,,,,,,,,,,,,,,,,,,,,,,,,,,,,,,,,,,,
,,Sorry go back to sleep.,,NPC dialog - Legend Rock option 4,,,,,,,,,,,,,,,,,,,,,,,,,,,,,,,,,,,,,,,,,,,,,,,,
,,Cast. Wait. Catch. Repeat. I have spoken.,,NPC dialog - Legend Rock response 1,,,,,,,,,,,,,,,,,,,,,,,,,,,,,,,,,,,,,,,,,,,,,,,,
,,Fish more. Sell more. Repeat. This is the way.,,NPC dialog - Legend Rock response 2,,,,,,,,,,,,,,,,,,,,,,,,,,,,,,,,,,,,,,,,,,,,,,,,
,,...correct. Now leave.,,NPC dialog - Legend Rock response 3,,,,,,,,,,,,,,,,,,,,,,,,,,,,,,,,,,,,,,,,,,,,,,,,
,,Finally. Some respect.,,NPC dialog - Legend Rock response 4,,,,,,,,,,,,,,,,,,,,,,,,,,,,,,,,,,,,,,,,,,,,,,,,
,,Bait hit the ground! Try casting into water.,,Notice - bait landed on ground,,,,,,,,,,,,,,,,,,,,,,,,,,,,,,,,,,,,,,,,,,,,,,,,
,,Nice try! Give it another shot!,,Notice - fishing minigame fail (anti-cheat),,,,,,,,,,,,,,,,,,,,,,,,,,,,,,,,,,,,,,,,,,,,,,,,
,,You already have a FishTrap! You can only place 1 trap total.,,Notice - place trap while one exists,,,,,,,,,,,,,,,,,,,,,,,,,,,,,,,,,,,,,,,,,,,,,,,,
,,"Not enough coins! Need {n} coins",,Notice - not enough coins to buy trap,,,,,,,,,,,,,,,,,,,,,,,,,,,,,,,,,,,,,,,,,,,,,,,,
,,Purchasing Robux Fish Trap gamepass...,,Notice - Robux trap purchase initiated,,,,,,,,,,,,,,,,,,,,,,,,,,,,,,,,,,,,,,,,,,,,,,,,
,,Unknown Fish Trap!,,Notice - invalid trap type,,,,,,,,,,,,,,,,,,,,,,,,,,,,,,,,,,,,,,,,,,,,,,,,
,,Unknown Bubble!,,Notice - invalid bubble type,,,,,,,,,,,,,,,,,,,,,,,,,,,,,,,,,,,,,,,,,,,,,,,,
,,Inventory full! Go sell fish or buy expansion pass (Max 100),,Notice - inventory at 100 cap,,,,,,,,,,,,,,,,,,,,,,,,,,,,,,,,,,,,,,,,,,,,,,,,
,,Expanded inventory full! Go sell fish (Max 200),,Notice - inventory at 200 cap,,,,,,,,,,,,,,,,,,,,,,,,,,,,,,,,,,,,,,,,,,,,,,,,
,,Inventory became full!,,Notice - inventory full during bubble purchase,,,,,,,,,,,,,,,,,,,,,,,,,,,,,,,,,,,,,,,,,,,,,,,,
,,Bubble purchased successfully!,,Notice - bubble buy success,,,,,,,,,,,,,,,,,,,,,,,,,,,,,,,,,,,,,,,,,,,,,,,,
,,Purchase failed - no backpack!,,Notice - no backpack found,,,,,,,,,,,,,,,,,,,,,,,,,,,,,,,,,,,,,,,,,,,,,,,,
,,You need to hold a fish to give!,,Notice - tried to give fish without one equipped,,,,,,,,,,,,,,,,,,,,,,,,,,,,,,,,,,,,,,,,,,,,,,,,
,,"Fish given to {player}!",,Notice - fish give success (sender),,,,,,,,,,,,,,,,,,,,,,,,,,,,,,,,,,,,,,,,,,,,,,,,
,,"Received fish from {player}!",,Notice - fish give success (receiver),,,,,,,,,,,,,,,,,,,,,,,,,,,,,,,,,,,,,,,,,,,,,,,,
,,"Failed to give fish to {player}",,Notice - fish give failed,,,,,,,,,,,,,,,,,,,,,,,,,,,,,,,,,,,,,,,,,,,,,,,,
,,"Quest complete: {name}! +{n} coins",,Notice - quest completed,,,,,,,,,,,,,,,,,,,,,,,,,,,,,,,,,,,,,,,,,,,,,,,,
,,"Daily quest complete! +{n} Fishing Points",,Notice - daily quest completed,,,,,,,,,,,,,,,,,,,,,,,,,,,,,,,,,,,,,,,,,,,,,,,,
,,"Thank you for donating {n} R$!",,Notice - Robux donation received,,,,,,,,,,,,,,,,,,,,,,,,,,,,,,,,,,,,,,,,,,,,,,,,
,,"New discovery: {fish}! +{n} coins",,Notice - first time catching a fish species,,,,,,,,,,,,,,,,,,,,,,,,,,,,,,,,,,,,,,,,,,,,,,,,
,,"Server Luck x{n} boost is now active!",,Notice - server boost purchased,,,,,,,,,,,,,,,,,,,,,,,,,,,,,,,,,,,,,,,,,,,,,,,,
,,The weather has cleared up,,Notice - weather changed to Clear,,,,,,,,,,,,,,,,,,,,,,,,,,,,,,,,,,,,,,,,,,,,,,,,
,,"Inventory full! ({n}/100) Go sell fish or buy expansion pass",,Notice - GiveFish inventory full (100 cap),,,,,,,,,,,,,,,,,,,,,,,,,,,,,,,,,,,,,,,,,,,,,,,,
,,"Expanded inventory full! ({n}/200) Go sell fish",,Notice - GiveFish inventory full (200 cap),,,,,,,,,,,,,,,,,,,,,,,,,,,,,,,,,,,,,,,,,,,,,,,,
,,Tip: Upgrade your fishing rod to catch fish more easily!,,Chat tip,,,,,,,,,,,,,,,,,,,,,,,,,,,,,,,,,,,,,,,,,,,,,,,,
,,Tip: Better fishing rods give you bonus chances to catch rare fish!,,Chat tip,,,,,,,,,,,,,,,,,,,,,,,,,,,,,,,,,,,,,,,,,,,,,,,,
,,Tip: Each fish has different weight - try to catch the heaviest ones!,,Chat tip,,,,,,,,,,,,,,,,,,,,,,,,,,,,,,,,,,,,,,,,,,,,,,,,
,,Tip: Some fish are much rarer than others - keep fishing to find them!,,Chat tip,,,,,,,,,,,,,,,,,,,,,,,,,,,,,,,,,,,,,,,,,,,,,,,,
,,Tip: Challenge yourself to catch a 100kg fish!,,Chat tip,,,,,,,,,,,,,,,,,,,,,,,,,,,,,,,,,,,,,,,,,,,,,,,,
,,Tip: Sell your fish to earn money and buy better rods!,,Chat tip,,,,,,,,,,,,,,,,,,,,,,,,,,,,,,,,,,,,,,,,,,,,,,,,
,,Tip: Try to catch the fantasy Sans fish - it's extremely rare!,,Chat tip,,,,,,,,,,,,,,,,,,,,,,,,,,,,,,,,,,,,,,,,,,,,,,,,
,,Tip: The weight of your fish determines how much money you'll earn!,,Chat tip,,,,,,,,,,,,,,,,,,,,,,,,,,,,,,,,,,,,,,,,,,,,,,,,
,,Tip: Higher tier fishing rods can catch bigger and heavier fish!,,Chat tip,,,,,,,,,,,,,,,,,,,,,,,,,,,,,,,,,,,,,,,,,,,,,,,,
,,Tip: Keep fishing to discover all the different fish species!,,Chat tip,,,,,,,,,,,,,,,,,,,,,,,,,,,,,,,,,,,,,,,,,,,,,,,,
,,Tip: Join our group and get 15% more money when selling fish!,,Chat tip,,,,,,,,,,,,,,,,,,,,,,,,,,,,,,,,,,,,,,,,,,,,,,,,
,,Common,,Fish rarity label,,,,,,,,,,,,,,,,,,,,,,,,,,,,,,,,,,,,,,,,,,,,,,,,
,,Uncommon,,Fish rarity label,,,,,,,,,,,,,,,,,,,,,,,,,,,,,,,,,,,,,,,,,,,,,,,,
,,Rare,,Fish rarity label,,,,,,,,,,,,,,,,,,,,,,,,,,,,,,,,,,,,,,,,,,,,,,,,
,,Epic,,Fish rarity label,,,,,,,,,,,,,,,,,,,,,,,,,,,,,,,,,,,,,,,,,,,,,,,,
,,Legendary,,Fish rarity label,,,,,,,,,,,,,,,,,,,,,,,,,,,,,,,,,,,,,,,,,,,,,,,,
,,Fantasy,,Fish rarity label,,,,,,,,,,,,,,,,,,,,,,,,,,,,,,,,,,,,,,,,,,,,,,,,
,,Claim!,,StarterGui.Index (discover reward claim button),,,,,,,,,,,,,,,,,,,,,,,,,,,,,,,,,,,,,,,,,,,,,,,,
,,You've been banned!,,Ban kick message,,,,,,,,,,,,,,,,,,,,,,,,,,,,,,,,,,,,,,,,,,,,,,,,
,,Welcome to Sans Fishing!,PlayerGui.Notice.TutorialText (tutorial step 1),,,,,,,,,,,,,,,,,,,,,,,,,,,,,,,,,,,,,,,,,,,,,,,,,
,,Equip your fishing rod from your backpack!,PlayerGui.Notice.TutorialText (tutorial step 2),,,,,,,,,,,,,,,,,,,,,,,,,,,,,,,,,,,,,,,,,,,,,,,,,
,,Great! Now go to the water and click to cast your bait!,PlayerGui.Notice.TutorialText (tutorial step 3),,,,,,,,,,,,,,,,,,,,,,,,,,,,,,,,,,,,,,,,,,,,,,,,,
,,Wait for a fish to bite your bait!,PlayerGui.Notice.TutorialText (tutorial step 4),,,,,,,,,,,,,,,,,,,,,,,,,,,,,,,,,,,,,,,,,,,,,,,,,
,,Hit the zones to catch the fish!,PlayerGui.Notice.TutorialText (tutorial step 5),,,,,,,,,,,,,,,,,,,,,,,,,,,,,,,,,,,,,,,,,,,,,,,,,
,,Try again! Click to cast your bait in the water!,PlayerGui.Notice.TutorialText (tutorial retry),,,,,,,,,,,,,,,,,,,,,,,,,,,,,,,,,,,,,,,,,,,,,,,,,
,,Great catch! Now go to the shop and sell your fish!,PlayerGui.Notice.TutorialText (tutorial step 6),,,,,,,,,,,,,,,,,,,,,,,,,,,,,,,,,,,,,,,,,,,,,,,,,
,,Great! Now go to the Upgrade Shop and buy the Silver Rod!,PlayerGui.Notice.TutorialText (tutorial step 7),,,,,,,,,,,,,,,,,,,,,,,,,,,,,,,,,,,,,,,,,,,,,,,,,
,,Congratulations! You have completed the tutorial!,PlayerGui.Notice.TutorialText (tutorial complete),,,,,,,,,,,,,,,,,,,,,,,,,,,,,,,,,,,,,,,,,,,,,,,,,
,,Almost done! Open the Skill Tree from the toolbar to upgrade your skills!,PlayerGui.Notice.TutorialText (tutorial final step),,,,,,,,,,,,,,,,,,,,,,,,,,,,,,,,,,,,,,,,,,,,,,,,,
,,Loading Items...,PlayerGui.Loading.LoadingFrame.AssetLoadedCount,,,,,,,,,,,,,,,,,,,,,,,,,,,,,,,,,,,,,,,,,,,,,,,,,
,,{player} Fishing,PlayerGui.Loading.LoadingFrame.Title,,,,,,,,,,,,,,,,,,,,,,,,,,,,,,,,,,,,,,,,,,,,,,,,,
,,Fish Trap purchased successfully!,PlayerGui.Notice.NoticeText,,,,,,,,,,,,,,,,,,,,,,,,,,,,,,,,,,,,,,,,,,,,,,,,,
,,You must be in water to place a FishTrap!,PlayerGui.Notice.NoticeText,,,,,,,,,,,,,,,,,,,,,,,,,,,,,,,,,,,,,,,,,,,,,,,,,
,,Basic Fish Trap,PlayerGui.ProximityPrompts (fish trap display name),,,,,,,,,,,,,,,,,,,,,,,,,,,,,,,,,,,,,,,,,,,,,,,,,
,,Advanced Fish Trap,PlayerGui.ProximityPrompts (fish trap display name),,,,,,,,,,,,,,,,,,,,,,,,,,,,,,,,,,,,,,,,,,,,,,,,,
,,Master Fish Trap,PlayerGui.ProximityPrompts (fish trap display name),,,,,,,,,,,,,,,,,,,,,,,,,,,,,,,,,,,,,,,,,,,,,,,,,
,,Robux Fish Trap,PlayerGui.ProximityPrompts (fish trap display name),,,,,,,,,,,,,,,,,,,,,,,,,,,,,,,,,,,,,,,,,,,,,,,,,
,,"{player}'s Fish trap",PlayerGui.ProximityPrompts.Prompt.Frame.TextFrame.ObjectText,,,,,,,,,,,,,,,,,,,,,,,,,,,,,,,,,,,,,,,,,,,,,,,,,
,,Already equipped.,PlayerGui.Notice.NoticeText (rod already equipped),,,,,,,,,,,,,,,,,,,,,,,,,,,,,,,,,,,,,,,,,,,,,,,,,
,,{rodName} equipped.,PlayerGui.Notice.NoticeText (rod equip notice),,,,,,,,,,,,,,,,,,,,,,,,,,,,,,,,,,,,,,,,,,,,,,,,,
,,Fishing Rod,Rod name,,,,,,,,,,,,,,,,,,,,,,,,,,,,,,,,,,,,,,,,,,,,,,,,,
,,Sliver Rod,Rod name,,,,,,,,,,,,,,,,,,,,,,,,,,,,,,,,,,,,,,,,,,,,,,,,,
,,Gold Rod,Rod name,,,,,,,,,,,,,,,,,,,,,,,,,,,,,,,,,,,,,,,,,,,,,,,,,
,,Crystal Rod,Rod name,,,,,,,,,,,,,,,,,,,,,,,,,,,,,,,,,,,,,,,,,,,,,,,,,
,,Magnetic Rod,Rod name,,,,,,,,,,,,,,,,,,,,,,,,,,,,,,,,,,,,,,,,,,,,,,,,,
,,BoneRod,Rod name,,,,,,,,,,,,,,,,,,,,,,,,,,,,,,,,,,,,,,,,,,,,,,,,,
,,Clover Rod,Rod name,,,,,,,,,,,,,,,,,,,,,,,,,,,,,,,,,,,,,,,,,,,,,,,,,
,,Rainbow Rod,Rod name,,,,,,,,,,,,,,,,,,,,,,,,,,,,,,,,,,,,,,,,,,,,,,,,,
,,Unknown Rod,Rod name,,,,,,,,,,,,,,,,,,,,,,,,,,,,,,,,,,,,,,,,,,,,,,,,,
,,Robux Rod,Rod name,,,,,,,,,,,,,,,,,,,,,,,,,,,,,,,,,,,,,,,,,,,,,,,,,
,,Electric Rod,Rod name,,,,,,,,,,,,,,,,,,,,,,,,,,,,,,,,,,,,,,,,,,,,,,,,,
,,BlockyRod,Rod name,,,,,,,,,,,,,,,,,,,,,,,,,,,,,,,,,,,,,,,,,,,,,,,,,
,,Arcane Rod,Rod name,,,,,,,,,,,,,,,,,,,,,,,,,,,,,,,,,,,,,,,,,,,,,,,,,
,,Void Rod,Rod name,,,,,,,,,,,,,,,,,,,,,,,,,,,,,,,,,,,,,,,,,,,,,,,,,
,,Friend Rod,Rod name,,,,,,,,,,,,,,,,,,,,,,,,,,,,,,,,,,,,,,,,,,,,,,,,,
,,Small Carp,Standalone fish name,,,,,,,,,,,,,,,,,,,,,,,,,,,,,,,,,,,,,,,,,,,,,,,,,
,,Gold Fish,Standalone fish name,,,,,,,,,,,,,,,,,,,,,,,,,,,,,,,,,,,,,,,,,,,,,,,,,
,,Stone Fish,Standalone fish name,,,,,,,,,,,,,,,,,,,,,,,,,,,,,,,,,,,,,,,,,,,,,,,,,
,,Crab,Standalone fish name,,,,,,,,,,,,,,,,,,,,,,,,,,,,,,,,,,,,,,,,,,,,,,,,,
,,Crystal Bass,Standalone fish name,,,,,,,,,,,,,,,,,,,,,,,,,,,,,,,,,,,,,,,,,,,,,,,,,
,,Dust Fish,Standalone fish name,,,,,,,,,,,,,,,,,,,,,,,,,,,,,,,,,,,,,,,,,,,,,,,,,
,,Bass,Standalone fish name,,,,,,,,,,,,,,,,,,,,,,,,,,,,,,,,,,,,,,,,,,,,,,,,,
,,Snow Fish,Standalone fish name,,,,,,,,,,,,,,,,,,,,,,,,,,,,,,,,,,,,,,,,,,,,,,,,,
,,Diri,Standalone fish name,,,,,,,,,,,,,,,,,,,,,,,,,,,,,,,,,,,,,,,,,,,,,,,,,
,,Dragon Head Fish,Standalone fish name,,,,,,,,,,,,,,,,,,,,,,,,,,,,,,,,,,,,,,,,,,,,,,,,,
,,Reggigash,Standalone fish name,,,,,,,,,,,,,,,,,,,,,,,,,,,,,,,,,,,,,,,,,,,,,,,,,
,,Golden Trout,Standalone fish name,,,,,,,,,,,,,,,,,,,,,,,,,,,,,,,,,,,,,,,,,,,,,,,,,
,,Armor Fish,Standalone fish name,,,,,,,,,,,,,,,,,,,,,,,,,,,,,,,,,,,,,,,,,,,,,,,,,
,,Shark,Standalone fish name,,,,,,,,,,,,,,,,,,,,,,,,,,,,,,,,,,,,,,,,,,,,,,,,,
,,Ray,Standalone fish name,,,,,,,,,,,,,,,,,,,,,,,,,,,,,,,,,,,,,,,,,,,,,,,,,
,,Undyine,Standalone fish name,,,,,,,,,,,,,,,,,,,,,,,,,,,,,,,,,,,,,,,,,,,,,,,,,
,,Sans,Standalone fish name,,,,,,,,,,,,,,,,,,,,,,,,,,,,,,,,,,,,,,,,,,,,,,,,,
,,Electric Fish,Standalone fish name,,,,,,,,,,,,,,,,,,,,,,,,,,,,,,,,,,,,,,,,,,,,,,,,,
,,Unknown,Standalone fish name,,,,,,,,,,,,,,,,,,,,,,,,,,,,,,,,,,,,,,,,,,,,,,,,,
,,Nyan Cat,Standalone fish name,,,,,,,,,,,,,,,,,,,,,,,,,,,,,,,,,,,,,,,,,,,,,,,,,
,,Small Carp [Common] - {n}kg,Backpack / PlayerGui.Custom Inventory (fish tool name),,,,,,,,,,,,,,,,,,,,,,,,,,,,,,,,,,,,,,,,,,,,,,,,,
,,Gold Fish [Common] - {n}kg,Backpack / PlayerGui.Custom Inventory (fish tool name),,,,,,,,,,,,,,,,,,,,,,,,,,,,,,,,,,,,,,,,,,,,,,,,,
,,Stone Fish [Common] - {n}kg,Backpack / PlayerGui.Custom Inventory (fish tool name),,,,,,,,,,,,,,,,,,,,,,,,,,,,,,,,,,,,,,,,,,,,,,,,,
,,Crab [Uncommon] - {n}kg,Backpack / PlayerGui.Custom Inventory (fish tool name),,,,,,,,,,,,,,,,,,,,,,,,,,,,,,,,,,,,,,,,,,,,,,,,,
,,Crystal Bass [Uncommon] - {n}kg,Backpack / PlayerGui.Custom Inventory (fish tool name),,,,,,,,,,,,,,,,,,,,,,,,,,,,,,,,,,,,,,,,,,,,,,,,,
,,Dust Fish [Uncommon] - {n}kg,Backpack / PlayerGui.Custom Inventory (fish tool name),,,,,,,,,,,,,,,,,,,,,,,,,,,,,,,,,,,,,,,,,,,,,,,,,
,,Bass [Rare] - {n}kg,Backpack / PlayerGui.Custom Inventory (fish tool name),,,,,,,,,,,,,,,,,,,,,,,,,,,,,,,,,,,,,,,,,,,,,,,,,
,,Snow Fish [Rare] - {n}kg,Backpack / PlayerGui.Custom Inventory (fish tool name),,,,,,,,,,,,,,,,,,,,,,,,,,,,,,,,,,,,,,,,,,,,,,,,,
,,Diri [Rare] - {n}kg,Backpack / PlayerGui.Custom Inventory (fish tool name),,,,,,,,,,,,,,,,,,,,,,,,,,,,,,,,,,,,,,,,,,,,,,,,,
,,Dragon Head Fish [Epic] - {n}kg,Backpack / PlayerGui.Custom Inventory (fish tool name),,,,,,,,,,,,,,,,,,,,,,,,,,,,,,,,,,,,,,,,,,,,,,,,,
,,Reggigash [Epic] - {n}kg,Backpack / PlayerGui.Custom Inventory (fish tool name),,,,,,,,,,,,,,,,,,,,,,,,,,,,,,,,,,,,,,,,,,,,,,,,,
,,Golden Trout [Legendary] - {n}kg,Backpack / PlayerGui.Custom Inventory (fish tool name),,,,,,,,,,,,,,,,,,,,,,,,,,,,,,,,,,,,,,,,,,,,,,,,,
,,Armor Fish [Legendary] - {n}kg,Backpack / PlayerGui.Custom Inventory (fish tool name),,,,,,,,,,,,,,,,,,,,,,,,,,,,,,,,,,,,,,,,,,,,,,,,,
,,Shark [Mystic] - {n}kg,Backpack / PlayerGui.Custom Inventory (fish tool name),,,,,,,,,,,,,,,,,,,,,,,,,,,,,,,,,,,,,,,,,,,,,,,,,
,,Ray [Mystic] - {n}kg,Backpack / PlayerGui.Custom Inventory (fish tool name),,,,,,,,,,,,,,,,,,,,,,,,,,,,,,,,,,,,,,,,,,,,,,,,,
,,Undyine [Fantasy] - {n}kg,Backpack / PlayerGui.Custom Inventory (fish tool name),,,,,,,,,,,,,,,,,,,,,,,,,,,,,,,,,,,,,,,,,,,,,,,,,
,,Sans [Fantasy] - {n}kg,Backpack / PlayerGui.Custom Inventory (fish tool name),,,,,,,,,,,,,,,,,,,,,,,,,,,,,,,,,,,,,,,,,,,,,,,,,
,,Electric Fish [Fantasy] - {n}kg,Backpack / PlayerGui.Custom Inventory (fish tool name),,,,,,,,,,,,,,,,,,,,,,,,,,,,,,,,,,,,,,,,,,,,,,,,,
,,Unknown [Unknown] - {n}kg,Backpack / PlayerGui.Custom Inventory (fish tool name),,,,,,,,,,,,,,,,,,,,,,,,,,,,,,,,,,,,,,,,,,,,,,,,,
,,Nyan Cat [Unknown] - {n}kg,Backpack / PlayerGui.Custom Inventory (fish tool name),,,,,,,,,,,,,,,,,,,,,,,,,,,,,,,,,,,,,,,,,,,,,,,,,
,,Frozen Small Carp [Common] - {n}kg,Backpack / PlayerGui.Custom Inventory (frozen fish tool name),,,,,,,,,,,,,,,,,,,,,,,,,,,,,,,,,,,,,,,,,,,,,,,,,
,,Frozen Gold Fish [Common] - {n}kg,Backpack / PlayerGui.Custom Inventory (frozen fish tool name),,,,,,,,,,,,,,,,,,,,,,,,,,,,,,,,,,,,,,,,,,,,,,,,,
,,Frozen Stone Fish [Common] - {n}kg,Backpack / PlayerGui.Custom Inventory (frozen fish tool name),,,,,,,,,,,,,,,,,,,,,,,,,,,,,,,,,,,,,,,,,,,,,,,,,
,,Frozen Crab [Uncommon] - {n}kg,Backpack / PlayerGui.Custom Inventory (frozen fish tool name),,,,,,,,,,,,,,,,,,,,,,,,,,,,,,,,,,,,,,,,,,,,,,,,,
,,Frozen Crystal Bass [Uncommon] - {n}kg,Backpack / PlayerGui.Custom Inventory (frozen fish tool name),,,,,,,,,,,,,,,,,,,,,,,,,,,,,,,,,,,,,,,,,,,,,,,,,
,,Frozen Dust Fish [Uncommon] - {n}kg,Backpack / PlayerGui.Custom Inventory (frozen fish tool name),,,,,,,,,,,,,,,,,,,,,,,,,,,,,,,,,,,,,,,,,,,,,,,,,
,,Frozen Bass [Rare] - {n}kg,Backpack / PlayerGui.Custom Inventory (frozen fish tool name),,,,,,,,,,,,,,,,,,,,,,,,,,,,,,,,,,,,,,,,,,,,,,,,,
,,Frozen Snow Fish [Rare] - {n}kg,Backpack / PlayerGui.Custom Inventory (frozen fish tool name),,,,,,,,,,,,,,,,,,,,,,,,,,,,,,,,,,,,,,,,,,,,,,,,,
,,Frozen Diri [Rare] - {n}kg,Backpack / PlayerGui.Custom Inventory (frozen fish tool name),,,,,,,,,,,,,,,,,,,,,,,,,,,,,,,,,,,,,,,,,,,,,,,,,
,,Frozen Dragon Head Fish [Epic] - {n}kg,Backpack / PlayerGui.Custom Inventory (frozen fish tool name),,,,,,,,,,,,,,,,,,,,,,,,,,,,,,,,,,,,,,,,,,,,,,,,,
,,Frozen Reggigash [Epic] - {n}kg,Backpack / PlayerGui.Custom Inventory (frozen fish tool name),,,,,,,,,,,,,,,,,,,,,,,,,,,,,,,,,,,,,,,,,,,,,,,,,
,,Frozen Golden Trout [Legendary] - {n}kg,Backpack / PlayerGui.Custom Inventory (frozen fish tool name),,,,,,,,,,,,,,,,,,,,,,,,,,,,,,,,,,,,,,,,,,,,,,,,,
,,Frozen Armor Fish [Legendary] - {n}kg,Backpack / PlayerGui.Custom Inventory (frozen fish tool name),,,,,,,,,,,,,,,,,,,,,,,,,,,,,,,,,,,,,,,,,,,,,,,,,
,,Frozen Shark [Mystic] - {n}kg,Backpack / PlayerGui.Custom Inventory (frozen fish tool name),,,,,,,,,,,,,,,,,,,,,,,,,,,,,,,,,,,,,,,,,,,,,,,,,
,,Frozen Ray [Mystic] - {n}kg,Backpack / PlayerGui.Custom Inventory (frozen fish tool name),,,,,,,,,,,,,,,,,,,,,,,,,,,,,,,,,,,,,,,,,,,,,,,,,
,,Frozen Undyine [Fantasy] - {n}kg,Backpack / PlayerGui.Custom Inventory (frozen fish tool name),,,,,,,,,,,,,,,,,,,,,,,,,,,,,,,,,,,,,,,,,,,,,,,,,
,,Frozen Sans [Fantasy] - {n}kg,Backpack / PlayerGui.Custom Inventory (frozen fish tool name),,,,,,,,,,,,,,,,,,,,,,,,,,,,,,,,,,,,,,,,,,,,,,,,,
,,Frozen Electric Fish [Fantasy] - {n}kg,Backpack / PlayerGui.Custom Inventory (frozen fish tool name),,,,,,,,,,,,,,,,,,,,,,,,,,,,,,,,,,,,,,,,,,,,,,,,,
,,Frozen Unknown [Unknown] - {n}kg,Backpack / PlayerGui.Custom Inventory (frozen fish tool name),,,,,,,,,,,,,,,,,,,,,,,,,,,,,,,,,,,,,,,,,,,,,,,,,
,,Frozen Nyan Cat [Unknown] - {n}kg,Backpack / PlayerGui.Custom Inventory (frozen fish tool name),,,,,,,,,,,,,,,,,,,,,,,,,,,,,,,,,,,,,,,,,,,,,,,,,
,,Festival Small Carp [Common] - {n}kg,Backpack / PlayerGui.Custom Inventory (festival fish tool name),,,,,,,,,,,,,,,,,,,,,,,,,,,,,,,,,,,,,,,,,,,,,,,,,
,,Festival Gold Fish [Common] - {n}kg,Backpack / PlayerGui.Custom Inventory (festival fish tool name),,,,,,,,,,,,,,,,,,,,,,,,,,,,,,,,,,,,,,,,,,,,,,,,,
,,Festival Stone Fish [Common] - {n}kg,Backpack / PlayerGui.Custom Inventory (festival fish tool name),,,,,,,,,,,,,,,,,,,,,,,,,,,,,,,,,,,,,,,,,,,,,,,,,
,,Festival Crab [Uncommon] - {n}kg,Backpack / PlayerGui.Custom Inventory (festival fish tool name),,,,,,,,,,,,,,,,,,,,,,,,,,,,,,,,,,,,,,,,,,,,,,,,,
,,Festival Crystal Bass [Uncommon] - {n}kg,Backpack / PlayerGui.Custom Inventory (festival fish tool name),,,,,,,,,,,,,,,,,,,,,,,,,,,,,,,,,,,,,,,,,,,,,,,,,
,,Festival Dust Fish [Uncommon] - {n}kg,Backpack / PlayerGui.Custom Inventory (festival fish tool name),,,,,,,,,,,,,,,,,,,,,,,,,,,,,,,,,,,,,,,,,,,,,,,,,
,,Festival Bass [Rare] - {n}kg,Backpack / PlayerGui.Custom Inventory (festival fish tool name),,,,,,,,,,,,,,,,,,,,,,,,,,,,,,,,,,,,,,,,,,,,,,,,,
,,Festival Snow Fish [Rare] - {n}kg,Backpack / PlayerGui.Custom Inventory (festival fish tool name),,,,,,,,,,,,,,,,,,,,,,,,,,,,,,,,,,,,,,,,,,,,,,,,,
,,Festival Diri [Rare] - {n}kg,Backpack / PlayerGui.Custom Inventory (festival fish tool name),,,,,,,,,,,,,,,,,,,,,,,,,,,,,,,,,,,,,,,,,,,,,,,,,
,,Festival Dragon Head Fish [Epic] - {n}kg,Backpack / PlayerGui.Custom Inventory (festival fish tool name),,,,,,,,,,,,,,,,,,,,,,,,,,,,,,,,,,,,,,,,,,,,,,,,,
,,Festival Reggigash [Epic] - {n}kg,Backpack / PlayerGui.Custom Inventory (festival fish tool name),,,,,,,,,,,,,,,,,,,,,,,,,,,,,,,,,,,,,,,,,,,,,,,,,
,,Festival Golden Trout [Legendary] - {n}kg,Backpack / PlayerGui.Custom Inventory (festival fish tool name),,,,,,,,,,,,,,,,,,,,,,,,,,,,,,,,,,,,,,,,,,,,,,,,,
,,Festival Armor Fish [Legendary] - {n}kg,Backpack / PlayerGui.Custom Inventory (festival fish tool name),,,,,,,,,,,,,,,,,,,,,,,,,,,,,,,,,,,,,,,,,,,,,,,,,
,,Festival Shark [Mystic] - {n}kg,Backpack / PlayerGui.Custom Inventory (festival fish tool name),,,,,,,,,,,,,,,,,,,,,,,,,,,,,,,,,,,,,,,,,,,,,,,,,
,,Festival Ray [Mystic] - {n}kg,Backpack / PlayerGui.Custom Inventory (festival fish tool name),,,,,,,,,,,,,,,,,,,,,,,,,,,,,,,,,,,,,,,,,,,,,,,,,
,,Festival Undyine [Fantasy] - {n}kg,Backpack / PlayerGui.Custom Inventory (festival fish tool name),,,,,,,,,,,,,,,,,,,,,,,,,,,,,,,,,,,,,,,,,,,,,,,,,
,,Festival Sans [Fantasy] - {n}kg,Backpack / PlayerGui.Custom Inventory (festival fish tool name),,,,,,,,,,,,,,,,,,,,,,,,,,,,,,,,,,,,,,,,,,,,,,,,,
,,Festival Electric Fish [Fantasy] - {n}kg,Backpack / PlayerGui.Custom Inventory (festival fish tool name),,,,,,,,,,,,,,,,,,,,,,,,,,,,,,,,,,,,,,,,,,,,,,,,,
,,Festival Unknown [Unknown] - {n}kg,Backpack / PlayerGui.Custom Inventory (festival fish tool name),,,,,,,,,,,,,,,,,,,,,,,,,,,,,,,,,,,,,,,,,,,,,,,,,
,,Festival Nyan Cat [Unknown] - {n}kg,Backpack / PlayerGui.Custom Inventory (festival fish tool name),,,,,,,,,,,,,,,,,,,,,,,,,,,,,,,,,,,,,,,,,,,,,,,,,
,,Wet Small Carp [Common] - {n}kg,Backpack / PlayerGui.Custom Inventory (rain fish tool name),,,,,,,,,,,,,,,,,,,,,,,,,,,,,,,,,,,,,,,,,,,,,,,,,
,,Wet Gold Fish [Common] - {n}kg,Backpack / PlayerGui.Custom Inventory (rain fish tool name),,,,,,,,,,,,,,,,,,,,,,,,,,,,,,,,,,,,,,,,,,,,,,,,,
,,Wet Stone Fish [Common] - {n}kg,Backpack / PlayerGui.Custom Inventory (rain fish tool name),,,,,,,,,,,,,,,,,,,,,,,,,,,,,,,,,,,,,,,,,,,,,,,,,
,,Wet Crab [Uncommon] - {n}kg,Backpack / PlayerGui.Custom Inventory (rain fish tool name),,,,,,,,,,,,,,,,,,,,,,,,,,,,,,,,,,,,,,,,,,,,,,,,,
,,Wet Crystal Bass [Uncommon] - {n}kg,Backpack / PlayerGui.Custom Inventory (rain fish tool name),,,,,,,,,,,,,,,,,,,,,,,,,,,,,,,,,,,,,,,,,,,,,,,,,
,,Wet Dust Fish [Uncommon] - {n}kg,Backpack / PlayerGui.Custom Inventory (rain fish tool name),,,,,,,,,,,,,,,,,,,,,,,,,,,,,,,,,,,,,,,,,,,,,,,,,
,,Wet Bass [Rare] - {n}kg,Backpack / PlayerGui.Custom Inventory (rain fish tool name),,,,,,,,,,,,,,,,,,,,,,,,,,,,,,,,,,,,,,,,,,,,,,,,,
,,Wet Snow Fish [Rare] - {n}kg,Backpack / PlayerGui.Custom Inventory (rain fish tool name),,,,,,,,,,,,,,,,,,,,,,,,,,,,,,,,,,,,,,,,,,,,,,,,,
,,Wet Diri [Rare] - {n}kg,Backpack / PlayerGui.Custom Inventory (rain fish tool name),,,,,,,,,,,,,,,,,,,,,,,,,,,,,,,,,,,,,,,,,,,,,,,,,
,,Wet Dragon Head Fish [Epic] - {n}kg,Backpack / PlayerGui.Custom Inventory (rain fish tool name),,,,,,,,,,,,,,,,,,,,,,,,,,,,,,,,,,,,,,,,,,,,,,,,,
,,Wet Reggigash [Epic] - {n}kg,Backpack / PlayerGui.Custom Inventory (rain fish tool name),,,,,,,,,,,,,,,,,,,,,,,,,,,,,,,,,,,,,,,,,,,,,,,,,
,,Wet Golden Trout [Legendary] - {n}kg,Backpack / PlayerGui.Custom Inventory (rain fish tool name),,,,,,,,,,,,,,,,,,,,,,,,,,,,,,,,,,,,,,,,,,,,,,,,,
,,Wet Armor Fish [Legendary] - {n}kg,Backpack / PlayerGui.Custom Inventory (rain fish tool name),,,,,,,,,,,,,,,,,,,,,,,,,,,,,,,,,,,,,,,,,,,,,,,,,
,,Wet Shark [Mystic] - {n}kg,Backpack / PlayerGui.Custom Inventory (rain fish tool name),,,,,,,,,,,,,,,,,,,,,,,,,,,,,,,,,,,,,,,,,,,,,,,,,
,,Wet Ray [Mystic] - {n}kg,Backpack / PlayerGui.Custom Inventory (rain fish tool name),,,,,,,,,,,,,,,,,,,,,,,,,,,,,,,,,,,,,,,,,,,,,,,,,
,,Wet Undyine [Fantasy] - {n}kg,Backpack / PlayerGui.Custom Inventory (rain fish tool name),,,,,,,,,,,,,,,,,,,,,,,,,,,,,,,,,,,,,,,,,,,,,,,,,
,,Wet Sans [Fantasy] - {n}kg,Backpack / PlayerGui.Custom Inventory (rain fish tool name),,,,,,,,,,,,,,,,,,,,,,,,,,,,,,,,,,,,,,,,,,,,,,,,,
,,Wet Electric Fish [Fantasy] - {n}kg,Backpack / PlayerGui.Custom Inventory (rain fish tool name),,,,,,,,,,,,,,,,,,,,,,,,,,,,,,,,,,,,,,,,,,,,,,,,,
,,Wet Unknown [Unknown] - {n}kg,Backpack / PlayerGui.Custom Inventory (rain fish tool name),,,,,,,,,,,,,,,,,,,,,,,,,,,,,,,,,,,,,,,,,,,,,,,,,
,,Wet Nyan Cat [Unknown] - {n}kg,Backpack / PlayerGui.Custom Inventory (rain fish tool name),,,,,,,,,,,,,,,,,,,,,,,,,,,,,,,,,,,,,,,,,,,,,,,,,
,,You got Small Carp [Common] - {n}kg,PlayerGui.Notice.NoticeText (fish catch notification),,,,,,,,,,,,,,,,,,,,,,,,,,,,,,,,,,,,,,,,,,,,,,,,,
,,You got Gold Fish [Common] - {n}kg,PlayerGui.Notice.NoticeText (fish catch notification),,,,,,,,,,,,,,,,,,,,,,,,,,,,,,,,,,,,,,,,,,,,,,,,,
,,You got Stone Fish [Common] - {n}kg,PlayerGui.Notice.NoticeText (fish catch notification),,,,,,,,,,,,,,,,,,,,,,,,,,,,,,,,,,,,,,,,,,,,,,,,,
,,You got Crab [Uncommon] - {n}kg,PlayerGui.Notice.NoticeText (fish catch notification),,,,,,,,,,,,,,,,,,,,,,,,,,,,,,,,,,,,,,,,,,,,,,,,,
,,You got Crystal Bass [Uncommon] - {n}kg,PlayerGui.Notice.NoticeText (fish catch notification),,,,,,,,,,,,,,,,,,,,,,,,,,,,,,,,,,,,,,,,,,,,,,,,,
,,You got Dust Fish [Uncommon] - {n}kg,PlayerGui.Notice.NoticeText (fish catch notification),,,,,,,,,,,,,,,,,,,,,,,,,,,,,,,,,,,,,,,,,,,,,,,,,
,,You got Bass [Rare] - {n}kg,PlayerGui.Notice.NoticeText (fish catch notification),,,,,,,,,,,,,,,,,,,,,,,,,,,,,,,,,,,,,,,,,,,,,,,,,
,,You got Snow Fish [Rare] - {n}kg,PlayerGui.Notice.NoticeText (fish catch notification),,,,,,,,,,,,,,,,,,,,,,,,,,,,,,,,,,,,,,,,,,,,,,,,,
,,You got Diri [Rare] - {n}kg,PlayerGui.Notice.NoticeText (fish catch notification),,,,,,,,,,,,,,,,,,,,,,,,,,,,,,,,,,,,,,,,,,,,,,,,,
,,You got Dragon Head Fish [Epic] - {n}kg,PlayerGui.Notice.NoticeText (fish catch notification),,,,,,,,,,,,,,,,,,,,,,,,,,,,,,,,,,,,,,,,,,,,,,,,,
,,You got Reggigash [Epic] - {n}kg,PlayerGui.Notice.NoticeText (fish catch notification),,,,,,,,,,,,,,,,,,,,,,,,,,,,,,,,,,,,,,,,,,,,,,,,,
,,You got Golden Trout [Legendary] - {n}kg,PlayerGui.Notice.NoticeText (fish catch notification),,,,,,,,,,,,,,,,,,,,,,,,,,,,,,,,,,,,,,,,,,,,,,,,,
,,You got Armor Fish [Legendary] - {n}kg,PlayerGui.Notice.NoticeText (fish catch notification),,,,,,,,,,,,,,,,,,,,,,,,,,,,,,,,,,,,,,,,,,,,,,,,,
,,You got Shark [Mystic] - {n}kg,PlayerGui.Notice.NoticeText (fish catch notification),,,,,,,,,,,,,,,,,,,,,,,,,,,,,,,,,,,,,,,,,,,,,,,,,
,,You got Ray [Mystic] - {n}kg,PlayerGui.Notice.NoticeText (fish catch notification),,,,,,,,,,,,,,,,,,,,,,,,,,,,,,,,,,,,,,,,,,,,,,,,,
,,You got Undyine [Fantasy] - {n}kg,PlayerGui.Notice.NoticeText (fish catch notification),,,,,,,,,,,,,,,,,,,,,,,,,,,,,,,,,,,,,,,,,,,,,,,,,
,,You got Sans [Fantasy] - {n}kg,PlayerGui.Notice.NoticeText (fish catch notification),,,,,,,,,,,,,,,,,,,,,,,,,,,,,,,,,,,,,,,,,,,,,,,,,
,,You got Electric Fish [Fantasy] - {n}kg,PlayerGui.Notice.NoticeText (fish catch notification),,,,,,,,,,,,,,,,,,,,,,,,,,,,,,,,,,,,,,,,,,,,,,,,,
,,You got Unknown [Unknown] - {n}kg,PlayerGui.Notice.NoticeText (fish catch notification),,,,,,,,,,,,,,,,,,,,,,,,,,,,,,,,,,,,,,,,,,,,,,,,,
,,You got Nyan Cat [Unknown] - {n}kg,PlayerGui.Notice.NoticeText (fish catch notification),,,,,,,,,,,,,,,,,,,,,,,,,,,,,,,,,,,,,,,,,,,,,,,,,
,,You got Frozen Small Carp [Common] - {n}kg,PlayerGui.Notice.NoticeText (frozen fish catch notification),,,,,,,,,,,,,,,,,,,,,,,,,,,,,,,,,,,,,,,,,,,,,,,,,
,,You got Frozen Gold Fish [Common] - {n}kg,PlayerGui.Notice.NoticeText (frozen fish catch notification),,,,,,,,,,,,,,,,,,,,,,,,,,,,,,,,,,,,,,,,,,,,,,,,,
,,You got Frozen Stone Fish [Common] - {n}kg,PlayerGui.Notice.NoticeText (frozen fish catch notification),,,,,,,,,,,,,,,,,,,,,,,,,,,,,,,,,,,,,,,,,,,,,,,,,
,,You got Frozen Crab [Uncommon] - {n}kg,PlayerGui.Notice.NoticeText (frozen fish catch notification),,,,,,,,,,,,,,,,,,,,,,,,,,,,,,,,,,,,,,,,,,,,,,,,,
,,You got Frozen Crystal Bass [Uncommon] - {n}kg,PlayerGui.Notice.NoticeText (frozen fish catch notification),,,,,,,,,,,,,,,,,,,,,,,,,,,,,,,,,,,,,,,,,,,,,,,,,
,,You got Frozen Dust Fish [Uncommon] - {n}kg,PlayerGui.Notice.NoticeText (frozen fish catch notification),,,,,,,,,,,,,,,,,,,,,,,,,,,,,,,,,,,,,,,,,,,,,,,,,
,,You got Frozen Bass [Rare] - {n}kg,PlayerGui.Notice.NoticeText (frozen fish catch notification),,,,,,,,,,,,,,,,,,,,,,,,,,,,,,,,,,,,,,,,,,,,,,,,,
,,You got Frozen Snow Fish [Rare] - {n}kg,PlayerGui.Notice.NoticeText (frozen fish catch notification),,,,,,,,,,,,,,,,,,,,,,,,,,,,,,,,,,,,,,,,,,,,,,,,,
,,You got Frozen Diri [Rare] - {n}kg,PlayerGui.Notice.NoticeText (frozen fish catch notification),,,,,,,,,,,,,,,,,,,,,,,,,,,,,,,,,,,,,,,,,,,,,,,,,
,,You got Frozen Dragon Head Fish [Epic] - {n}kg,PlayerGui.Notice.NoticeText (frozen fish catch notification),,,,,,,,,,,,,,,,,,,,,,,,,,,,,,,,,,,,,,,,,,,,,,,,,
,,You got Frozen Reggigash [Epic] - {n}kg,PlayerGui.Notice.NoticeText (frozen fish catch notification),,,,,,,,,,,,,,,,,,,,,,,,,,,,,,,,,,,,,,,,,,,,,,,,,
,,You got Frozen Golden Trout [Legendary] - {n}kg,PlayerGui.Notice.NoticeText (frozen fish catch notification),,,,,,,,,,,,,,,,,,,,,,,,,,,,,,,,,,,,,,,,,,,,,,,,,
,,You got Frozen Armor Fish [Legendary] - {n}kg,PlayerGui.Notice.NoticeText (frozen fish catch notification),,,,,,,,,,,,,,,,,,,,,,,,,,,,,,,,,,,,,,,,,,,,,,,,,
,,You got Frozen Shark [Mystic] - {n}kg,PlayerGui.Notice.NoticeText (frozen fish catch notification),,,,,,,,,,,,,,,,,,,,,,,,,,,,,,,,,,,,,,,,,,,,,,,,,
,,You got Frozen Ray [Mystic] - {n}kg,PlayerGui.Notice.NoticeText (frozen fish catch notification),,,,,,,,,,,,,,,,,,,,,,,,,,,,,,,,,,,,,,,,,,,,,,,,,
,,You got Frozen Undyine [Fantasy] - {n}kg,PlayerGui.Notice.NoticeText (frozen fish catch notification),,,,,,,,,,,,,,,,,,,,,,,,,,,,,,,,,,,,,,,,,,,,,,,,,
,,You got Frozen Sans [Fantasy] - {n}kg,PlayerGui.Notice.NoticeText (frozen fish catch notification),,,,,,,,,,,,,,,,,,,,,,,,,,,,,,,,,,,,,,,,,,,,,,,,,
,,You got Frozen Electric Fish [Fantasy] - {n}kg,PlayerGui.Notice.NoticeText (frozen fish catch notification),,,,,,,,,,,,,,,,,,,,,,,,,,,,,,,,,,,,,,,,,,,,,,,,,
,,You got Frozen Unknown [Unknown] - {n}kg,PlayerGui.Notice.NoticeText (frozen fish catch notification),,,,,,,,,,,,,,,,,,,,,,,,,,,,,,,,,,,,,,,,,,,,,,,,,
,,You got Frozen Nyan Cat [Unknown] - {n}kg,PlayerGui.Notice.NoticeText (frozen fish catch notification),,,,,,,,,,,,,,,,,,,,,,,,,,,,,,,,,,,,,,,,,,,,,,,,,
,,You got Festival Small Carp [Common] - {n}kg,PlayerGui.Notice.NoticeText (festival fish catch notification),,,,,,,,,,,,,,,,,,,,,,,,,,,,,,,,,,,,,,,,,,,,,,,,,
,,You got Festival Gold Fish [Common] - {n}kg,PlayerGui.Notice.NoticeText (festival fish catch notification),,,,,,,,,,,,,,,,,,,,,,,,,,,,,,,,,,,,,,,,,,,,,,,,,
,,You got Festival Stone Fish [Common] - {n}kg,PlayerGui.Notice.NoticeText (festival fish catch notification),,,,,,,,,,,,,,,,,,,,,,,,,,,,,,,,,,,,,,,,,,,,,,,,,
,,You got Festival Crab [Uncommon] - {n}kg,PlayerGui.Notice.NoticeText (festival fish catch notification),,,,,,,,,,,,,,,,,,,,,,,,,,,,,,,,,,,,,,,,,,,,,,,,,
,,You got Festival Crystal Bass [Uncommon] - {n}kg,PlayerGui.Notice.NoticeText (festival fish catch notification),,,,,,,,,,,,,,,,,,,,,,,,,,,,,,,,,,,,,,,,,,,,,,,,,
,,You got Festival Dust Fish [Uncommon] - {n}kg,PlayerGui.Notice.NoticeText (festival fish catch notification),,,,,,,,,,,,,,,,,,,,,,,,,,,,,,,,,,,,,,,,,,,,,,,,,
,,You got Festival Bass [Rare] - {n}kg,PlayerGui.Notice.NoticeText (festival fish catch notification),,,,,,,,,,,,,,,,,,,,,,,,,,,,,,,,,,,,,,,,,,,,,,,,,
,,You got Festival Snow Fish [Rare] - {n}kg,PlayerGui.Notice.NoticeText (festival fish catch notification),,,,,,,,,,,,,,,,,,,,,,,,,,,,,,,,,,,,,,,,,,,,,,,,,
,,You got Festival Diri [Rare] - {n}kg,PlayerGui.Notice.NoticeText (festival fish catch notification),,,,,,,,,,,,,,,,,,,,,,,,,,,,,,,,,,,,,,,,,,,,,,,,,
,,You got Festival Dragon Head Fish [Epic] - {n}kg,PlayerGui.Notice.NoticeText (festival fish catch notification),,,,,,,,,,,,,,,,,,,,,,,,,,,,,,,,,,,,,,,,,,,,,,,,,
,,You got Festival Reggigash [Epic] - {n}kg,PlayerGui.Notice.NoticeText (festival fish catch notification),,,,,,,,,,,,,,,,,,,,,,,,,,,,,,,,,,,,,,,,,,,,,,,,,
,,You got Festival Golden Trout [Legendary] - {n}kg,PlayerGui.Notice.NoticeText (festival fish catch notification),,,,,,,,,,,,,,,,,,,,,,,,,,,,,,,,,,,,,,,,,,,,,,,,,
,,You got Festival Armor Fish [Legendary] - {n}kg,PlayerGui.Notice.NoticeText (festival fish catch notification),,,,,,,,,,,,,,,,,,,,,,,,,,,,,,,,,,,,,,,,,,,,,,,,,
,,You got Festival Shark [Mystic] - {n}kg,PlayerGui.Notice.NoticeText (festival fish catch notification),,,,,,,,,,,,,,,,,,,,,,,,,,,,,,,,,,,,,,,,,,,,,,,,,
,,You got Festival Ray [Mystic] - {n}kg,PlayerGui.Notice.NoticeText (festival fish catch notification),,,,,,,,,,,,,,,,,,,,,,,,,,,,,,,,,,,,,,,,,,,,,,,,,
,,You got Festival Undyine [Fantasy] - {n}kg,PlayerGui.Notice.NoticeText (festival fish catch notification),,,,,,,,,,,,,,,,,,,,,,,,,,,,,,,,,,,,,,,,,,,,,,,,,
,,You got Festival Sans [Fantasy] - {n}kg,PlayerGui.Notice.NoticeText (festival fish catch notification),,,,,,,,,,,,,,,,,,,,,,,,,,,,,,,,,,,,,,,,,,,,,,,,,
,,You got Festival Electric Fish [Fantasy] - {n}kg,PlayerGui.Notice.NoticeText (festival fish catch notification),,,,,,,,,,,,,,,,,,,,,,,,,,,,,,,,,,,,,,,,,,,,,,,,,
,,You got Festival Unknown [Unknown] - {n}kg,PlayerGui.Notice.NoticeText (festival fish catch notification),,,,,,,,,,,,,,,,,,,,,,,,,,,,,,,,,,,,,,,,,,,,,,,,,
,,You got Festival Nyan Cat [Unknown] - {n}kg,PlayerGui.Notice.NoticeText (festival fish catch notification),,,,,,,,,,,,,,,,,,,,,,,,,,,,,,,,,,,,,,,,,,,,,,,,,
,,You got Wet Small Carp [Common] - {n}kg,PlayerGui.Notice.NoticeText (rain fish catch notification),,,,,,,,,,,,,,,,,,,,,,,,,,,,,,,,,,,,,,,,,,,,,,,,,
,,You got Wet Gold Fish [Common] - {n}kg,PlayerGui.Notice.NoticeText (rain fish catch notification),,,,,,,,,,,,,,,,,,,,,,,,,,,,,,,,,,,,,,,,,,,,,,,,,
,,You got Wet Stone Fish [Common] - {n}kg,PlayerGui.Notice.NoticeText (rain fish catch notification),,,,,,,,,,,,,,,,,,,,,,,,,,,,,,,,,,,,,,,,,,,,,,,,,
,,You got Wet Crab [Uncommon] - {n}kg,PlayerGui.Notice.NoticeText (rain fish catch notification),,,,,,,,,,,,,,,,,,,,,,,,,,,,,,,,,,,,,,,,,,,,,,,,,
,,You got Wet Crystal Bass [Uncommon] - {n}kg,PlayerGui.Notice.NoticeText (rain fish catch notification),,,,,,,,,,,,,,,,,,,,,,,,,,,,,,,,,,,,,,,,,,,,,,,,,
,,You got Wet Dust Fish [Uncommon] - {n}kg,PlayerGui.Notice.NoticeText (rain fish catch notification),,,,,,,,,,,,,,,,,,,,,,,,,,,,,,,,,,,,,,,,,,,,,,,,,
,,You got Wet Bass [Rare] - {n}kg,PlayerGui.Notice.NoticeText (rain fish catch notification),,,,,,,,,,,,,,,,,,,,,,,,,,,,,,,,,,,,,,,,,,,,,,,,,
,,You got Wet Snow Fish [Rare] - {n}kg,PlayerGui.Notice.NoticeText (rain fish catch notification),,,,,,,,,,,,,,,,,,,,,,,,,,,,,,,,,,,,,,,,,,,,,,,,,
,,You got Wet Diri [Rare] - {n}kg,PlayerGui.Notice.NoticeText (rain fish catch notification),,,,,,,,,,,,,,,,,,,,,,,,,,,,,,,,,,,,,,,,,,,,,,,,,
,,You got Wet Dragon Head Fish [Epic] - {n}kg,PlayerGui.Notice.NoticeText (rain fish catch notification),,,,,,,,,,,,,,,,,,,,,,,,,,,,,,,,,,,,,,,,,,,,,,,,,
,,You got Wet Reggigash [Epic] - {n}kg,PlayerGui.Notice.NoticeText (rain fish catch notification),,,,,,,,,,,,,,,,,,,,,,,,,,,,,,,,,,,,,,,,,,,,,,,,,
,,You got Wet Golden Trout [Legendary] - {n}kg,PlayerGui.Notice.NoticeText (rain fish catch notification),,,,,,,,,,,,,,,,,,,,,,,,,,,,,,,,,,,,,,,,,,,,,,,,,
,,You got Wet Armor Fish [Legendary] - {n}kg,PlayerGui.Notice.NoticeText (rain fish catch notification),,,,,,,,,,,,,,,,,,,,,,,,,,,,,,,,,,,,,,,,,,,,,,,,,
,,You got Wet Shark [Mystic] - {n}kg,PlayerGui.Notice.NoticeText (rain fish catch notification),,,,,,,,,,,,,,,,,,,,,,,,,,,,,,,,,,,,,,,,,,,,,,,,,
,,You got Wet Ray [Mystic] - {n}kg,PlayerGui.Notice.NoticeText (rain fish catch notification),,,,,,,,,,,,,,,,,,,,,,,,,,,,,,,,,,,,,,,,,,,,,,,,,
,,You got Wet Undyine [Fantasy] - {n}kg,PlayerGui.Notice.NoticeText (rain fish catch notification),,,,,,,,,,,,,,,,,,,,,,,,,,,,,,,,,,,,,,,,,,,,,,,,,
,,You got Wet Sans [Fantasy] - {n}kg,PlayerGui.Notice.NoticeText (rain fish catch notification),,,,,,,,,,,,,,,,,,,,,,,,,,,,,,,,,,,,,,,,,,,,,,,,,
,,You got Wet Electric Fish [Fantasy] - {n}kg,PlayerGui.Notice.NoticeText (rain fish catch notification),,,,,,,,,,,,,,,,,,,,,,,,,,,,,,,,,,,,,,,,,,,,,,,,,
,,You got Wet Unknown [Unknown] - {n}kg,PlayerGui.Notice.NoticeText (rain fish catch notification),,,,,,,,,,,,,,,,,,,,,,,,,,,,,,,,,,,,,,,,,,,,,,,,,
,,You got Wet Nyan Cat [Unknown] - {n}kg,PlayerGui.Notice.NoticeText (rain fish catch notification),,,,,,,,,,,,,,,,,,,,,,,,,,,,,,,,,,,,,,,,,,,,,,,,,
,,New Fish Discovered: Small Carp!,PlayerGui.Notice.DiscoverText,,,,,,,,,,,,,,,,,,,,,,,,,,,,,,,,,,,,,,,,,,,,,,,,,
,,New Fish Discovered: Gold Fish!,PlayerGui.Notice.DiscoverText,,,,,,,,,,,,,,,,,,,,,,,,,,,,,,,,,,,,,,,,,,,,,,,,,
,,New Fish Discovered: Stone Fish!,PlayerGui.Notice.DiscoverText,,,,,,,,,,,,,,,,,,,,,,,,,,,,,,,,,,,,,,,,,,,,,,,,,
,,New Fish Discovered: Crab!,PlayerGui.Notice.DiscoverText,,,,,,,,,,,,,,,,,,,,,,,,,,,,,,,,,,,,,,,,,,,,,,,,,
,,New Fish Discovered: Crystal Bass!,PlayerGui.Notice.DiscoverText,,,,,,,,,,,,,,,,,,,,,,,,,,,,,,,,,,,,,,,,,,,,,,,,,
,,New Fish Discovered: Dust Fish!,PlayerGui.Notice.DiscoverText,,,,,,,,,,,,,,,,,,,,,,,,,,,,,,,,,,,,,,,,,,,,,,,,,
,,New Fish Discovered: Bass!,PlayerGui.Notice.DiscoverText,,,,,,,,,,,,,,,,,,,,,,,,,,,,,,,,,,,,,,,,,,,,,,,,,
,,New Fish Discovered: Snow Fish!,PlayerGui.Notice.DiscoverText,,,,,,,,,,,,,,,,,,,,,,,,,,,,,,,,,,,,,,,,,,,,,,,,,
,,New Fish Discovered: Diri!,PlayerGui.Notice.DiscoverText,,,,,,,,,,,,,,,,,,,,,,,,,,,,,,,,,,,,,,,,,,,,,,,,,
,,New Fish Discovered: Dragon Head Fish!,PlayerGui.Notice.DiscoverText,,,,,,,,,,,,,,,,,,,,,,,,,,,,,,,,,,,,,,,,,,,,,,,,,
,,New Fish Discovered: Reggigash!,PlayerGui.Notice.DiscoverText,,,,,,,,,,,,,,,,,,,,,,,,,,,,,,,,,,,,,,,,,,,,,,,,,
,,New Fish Discovered: Golden Trout!,PlayerGui.Notice.DiscoverText,,,,,,,,,,,,,,,,,,,,,,,,,,,,,,,,,,,,,,,,,,,,,,,,,
,,New Fish Discovered: Armor Fish!,PlayerGui.Notice.DiscoverText,,,,,,,,,,,,,,,,,,,,,,,,,,,,,,,,,,,,,,,,,,,,,,,,,
,,New Fish Discovered: Shark!,PlayerGui.Notice.DiscoverText,,,,,,,,,,,,,,,,,,,,,,,,,,,,,,,,,,,,,,,,,,,,,,,,,
,,New Fish Discovered: Ray!,PlayerGui.Notice.DiscoverText,,,,,,,,,,,,,,,,,,,,,,,,,,,,,,,,,,,,,,,,,,,,,,,,,
,,New Fish Discovered: Undyine!,PlayerGui.Notice.DiscoverText,,,,,,,,,,,,,,,,,,,,,,,,,,,,,,,,,,,,,,,,,,,,,,,,,
,,New Fish Discovered: Sans!,PlayerGui.Notice.DiscoverText,,,,,,,,,,,,,,,,,,,,,,,,,,,,,,,,,,,,,,,,,,,,,,,,,
,,New Fish Discovered: Electric Fish!,PlayerGui.Notice.DiscoverText,,,,,,,,,,,,,,,,,,,,,,,,,,,,,,,,,,,,,,,,,,,,,,,,,
,,New Fish Discovered: Unknown!,PlayerGui.Notice.DiscoverText,,,,,,,,,,,,,,,,,,,,,,,,,,,,,,,,,,,,,,,,,,,,,,,,,
,,New Fish Discovered: Nyan Cat!,PlayerGui.Notice.DiscoverText,,,,,,,,,,,,,,,,,,,,,,,,,,,,,,,,,,,,,,,,,,,,,,,,,
